{
	"pages": [ //pages数组中第一项表示应用启动页，参考：https://uniapp.dcloud.io/collocation/pages
		{
			"path": "pages/index/index",
			"style": {
				"navigationBarTitleText": "云台山景区",
				"navigationBarBackgroundColor": "#00BF45"
				
				
			}
		}
	    ,{
            "path" : "pages/strategy/strategy",
            "style" : {
				"navigationStyle": "custom"
			}
        }
        ,{
            "path" : "pages/my/my",
            "style" : {
				"navigationStyle": "custom"
			}
        }
        ,{
            "path" : "pages/guide/guide",
            "style" : {
				"navigationBarTitleText": "地图导览",
				"navigationBarBackgroundColor": "#00BF45"
			}
        }
    ],
	
	"tabBar": {
		"color": "#707070",
		"selectedColor": "#00BF45",
		"borderStyle": "black",
		"backgroundColor": "#ffffff",
		"list": [{
				"pagePath": "pages/index/index",
				"iconPath": "static/shouye1.png",
				"selectedIconPath": "static/shouye.png",
				"text": "主页"
			}, {
				"pagePath": "pages/strategy/strategy",
				"iconPath": "static/gonglue1.png",
				"selectedIconPath": "static/gonglue.png",
				"text": "搜索"
			},
			{
				"pagePath": "pages/my/my",
				"iconPath": "static/my.png",
				"selectedIconPath": "static/my2.png",
				"text": "搜索"
			}
		]
	},
	
	
	
	"globalStyle": {
		"navigationBarTextStyle": "black",
		"navigationBarTitleText": "uni-app",
		"navigationBarBackgroundColor": "#F8F8F8",
		"backgroundColor": "#F8F8F8"
	}
}
