{
	"pages": [ //pages数组中第一项表示应用启动页，参考：https://uniapp.dcloud.io/collocation/pages
		{
			"path": "pages/index/index",
			"style": {
				"navigationBarTitleText": "云台山景区",
				"navigationBarBackgroundColor": "#00BF45"


			}
		}, {
			"path": "pages/strategy/strategy",
			"style": {
				"navigationBarTitleText": "攻略",
				"navigationBarBackgroundColor": "#00BF45"
			}
		}, {
			"path": "pages/my/my",
			"style": {
				"navigationBarTitleText": "个人中心",
				"navigationBarBackgroundColor": "#00BF45"
			}
		}, {
			"path": "pages/guide/guide",
			"style": {
				"navigationBarTitleText": "地图导览",
				"navigationBarBackgroundColor": "#00BF45"
			}
		}, {
			"path": "pages/ticket/ticket",
			"style": {
				"navigationBarTitleText": "预定门票",
				"navigationBarBackgroundColor": "#00BF45",
				"usingComponents": {
					"van-tab": "../../wxcomponents/dist/tab/index",
					"van-tabs": "../../wxcomponents/dist/tabs/index"
				}
			}
		}, {
			"path": "pages/particulars/particulars",
			"style": {
				"navigationBarTitleText": "购票详情",
				"usingComponents": {
					"van-popup": "../../wxcomponents/dist/popup/index",
					"van-field": "../../wxcomponents/dist/field/index",
					"van-stepper": "../../wxcomponents/dist/stepper/index",
					"van-datetime-picker": "../../wxcomponents/dist/datetime-picker/index"
				}
			}
		}, {
			"path": "pages/referral/referral",
			"style": {
				"navigationBarTitleText": "景区介绍"
			}
		}
	    ,{
            "path" : "pages/spot/spot",
            "style" : {
				"navigationBarTitleText": "景点介绍"
			}
        }
        ,{
            "path" : "pages/gorge/gorge",
            "style" : {
				"navigationBarTitleText": "景点介绍"
			}
        }
        ,{
            "path" : "pages/buy/buy",
            "style" : {
				"navigationBarTitleText": "我的购票"
			}
        }
        ,{
            "path" : "pages/travel/travel",
            "style" : {
				"navigationBarTitleText": "云台山小程序"
			}
        }
        ,{
            "path" : "pages/suggest/suggest",
            "style" : {
				"navigationBarTitleText": "投诉建议"
			}
        }
        
        ,{
            "path" : "pages/park/park",
            "style" : {
				"navigationBarTitleText": "车辆缴费"
			}
        }
        ,{
            "path" : "pages/dragon/dragon",
            "style" : {
				"navigationBarTitleText": "红石峡"
			}
        }
    ],

	"tabBar": {
		"color": "#707070",
		"selectedColor": "#00BF45",
		"borderStyle": "black",
		"backgroundColor": "#ffffff",
		"list": [{
				"pagePath": "pages/index/index",
				"iconPath": "static/shouye1.png",
				"selectedIconPath": "static/shouye.png",
				"text": "主页"
			}, {
				"pagePath": "pages/strategy/strategy",
				"iconPath": "static/gonglue1.png",
				"selectedIconPath": "static/gonglue.png",
				"text": "攻略"
			},
			{
				"pagePath": "pages/my/my",
				"iconPath": "static/my.png",
				"selectedIconPath": "static/my2.png",
				"text": "搜索"
			}
		]
	},



	"globalStyle": {
		"navigationBarTextStyle": "black",
		"navigationBarTitleText": "uni-app",
		"navigationBarBackgroundColor": "#F8F8F8",
		"backgroundColor": "#F8F8F8"
	}
}
